{"cameraMode":{"drawMode":0,"name":"Shaded","section":"Shading Mode"},"sceneLighting":true,"audioPlay":false,"sceneViewState":{"m_AlwaysRefresh":false,"showFog":true,"showSkybox":true,"showFlares":true,"showImageEffects":true,"showParticleSystems":true,"showVisualEffectGraphs":true,"m_FxEnabled":true},"in2DMode":false,"pivot":{"x":0.1465514898300171,"y":1.0282256603240967,"z":-0.7737358212471008},"rotation":{"x":-0.07618352025747299,"y":0.9132794141769409,"z":-0.20113472640514375,"w":-0.34592169523239138},"size":8.217344284057618,"orthographic":false}